{
    "friction_y_truth": [
        3.9305170737751434e-16,
        -1.943736251480476e-14,
        2.6534186976612537e-13,
        -2.100556392346888e-12,
        2.251762108377159e-11,
        -7.358202869107275e-11,
        8.112809128883297e-11,
        -2.9810945065108383e-12,
        2.3461563646880397e-11,
        -3.887864613778512e-10,
        5.62788481474356e-10,
        -1.4088229914379635e-10,
        3.610020573192102e-11,
        -9.972598974944268e-12,
        2.71769445773947e-12,
        -6.049658664975743e-13,
        9.647453845461954e-14,
        -9.714089934855189e-15,
        4.976172186873552e-16,
        -6.867944336663591e-18
    ],
    "zb_cell_truth": [
        0,
        0,
        0,
        0,
        0,
        0,
        0.06093750000075679,
        0.1609375000007568,
        0.16093749999929718,
        0.06093749999929718,
        0,
        0,
        0,
        0,
        0,
        0,
        0,
        0,
        0,
        0
    ],
    "wse_truth": [
        0.520201766358066,
        0.5202454566821147,
        0.5203334760458317,
        0.5204670595342878,
        0.5206489921730875,
        0.5058311609556837,
        0.5115042239937405,
        0.5466087928270894,
        0.5459327386634634,
        0.5112688162561211,
        0.5070482464916667,
        0.522956203832752,
        0.5235032168727441,
        0.5240504764463165,
        0.5245769494822575,
        0.5250607431550239,
        0.5254800907640889,
        0.5258149087512087,
        0.5260483699847324,
        0.5261683107380364
    ],
    "inlet_discharges_truth": null,
    "ManningN_zone_values_truth": [
        0.03,
        0.03
    ],
    "h_truth": [
        0.520201766358066,
        0.5202454566821147,
        0.5203334760458317,
        0.5204670595342878,
        0.5206489921730875,
        0.5058311609556837,
        0.45056672399298375,
        0.3856712928263326,
        0.38499523866416624,
        0.4503313162568239,
        0.5070482464916667,
        0.522956203832752,
        0.5235032168727441,
        0.5240504764463165,
        0.5245769494822575,
        0.5250607431550239,
        0.5254800907640889,
        0.5258149087512087,
        0.5260483699847324,
        0.5261683107380364
    ],
    "v_truth": [
        1.6256593941645677e-11,
        -2.6972476735428677e-10,
        2.238303053401071e-9,
        -1.2910197814251241e-8,
        1.1054245961522121e-7,
        -1.5091844997893497e-7,
        4.442792097459691e-8,
        -2.667510965650396e-9,
        1.1515366104663682e-8,
        -1.5299493345214804e-7,
        5.282649633757237e-7,
        -4.5692838565358234e-7,
        1.234833088740261e-7,
        -3.7006685303675033e-8,
        1.1315235407394185e-8,
        -2.9499415344105426e-9,
        5.847758262214204e-10,
        -8.03932752031734e-11,
        6.75071165530022e-12,
        -2.7720754938014186e-13
    ],
    "friction_x_truth": [
        5.304582841778904e-8,
        4.712553465880883e-7,
        1.2753278510756523e-6,
        2.4026390594536425e-6,
        3.7663751779533217e-6,
        -2.1368156814710837e-5,
        -0.00028825692949801054,
        -0.00010243556073451904,
        0.00034026099254566203,
        0.0005581368905175979,
        0.00010210500252246784,
        8.641732894542388e-6,
        7.77213201863869e-6,
        6.606122959119445e-6,
        5.249421043099419e-6,
        3.828311206252414e-6,
        2.4781968221468848e-6,
        1.3296803634290736e-6,
        4.949247072443865e-7,
        5.5914475741995286e-8
    ],
    "ManningN_cells_truth": [
        0.03,
        0.03,
        0.03,
        0.03,
        0.03,
        0.03,
        0.03,
        0.03,
        0.03,
        0.03,
        0.03,
        0.03,
        0.03,
        0.03,
        0.03,
        0.03,
        0.03,
        0.03,
        0.03,
        0.03
    ],
    "u_truth": [
        0.0021939721331828473,
        0.006539428311126123,
        0.010758084374946563,
        0.014766823517238207,
        0.01848971409793974,
        -0.04382658595785938,
        -0.1578572339206551,
        -0.0916602881710363,
        0.16700634106373946,
        0.21963757719160493,
        0.09584150563406195,
        0.028028028253019806,
        0.026585127680273716,
        0.02451424288089174,
        0.021856185740837558,
        0.018667655250296015,
        0.015021472166896392,
        0.011004361716464045,
        0.006714184847751188,
        0.0022568492165217047
    ]
}
