{
    "S0_truth": [
        0,
        0,
        0,
        0,
        0,
        -0.09999999999990415,
        -0.19999999999956963,
        -0.09999999999998749,
        0.10000000000008157,
        0.200000000000164,
        0.10000000000008163,
        0,
        0,
        0,
        0,
        0,
        0,
        0,
        0,
        0,
        0,
        0,
        0,
        0,
        0,
        8.774403426051097e-12,
        1.878719402266647e-11,
        1.001279059664614e-11,
        -1.0656897586622615e-11,
        -2.151878675251228e-11,
        -1.0861889165889579e-11,
        0,
        0,
        0,
        0,
        0,
        0,
        0,
        0,
        0
    ],
    "friction_y_truth": [
        -3.848930020232498e-26,
        -1.9302384242954796e-26,
        -1.4972337858749662e-26,
        -2.9867697311099393e-26,
        -1.5934570373984298e-26,
        -5.465480674633388e-26,
        -3.7642536048988255e-26,
        0.0,
        0.0,
        0.0,
        0.0,
        0.0,
        0.0,
        0.0,
        0.0,
        0.0,
        0.0,
        0.0,
        0.0,
        0.0
    ],
    "h_truth": [
        0.3,
        0.3,
        0.3,
        0.3,
        0.3,
        0.3,
        0.3,
        0.001,
        0.001,
        0.001,
        0.001,
        0.001,
        0.001,
        0.001,
        0.001,
        0.001,
        0.001,
        0.001,
        0.001,
        0.001
    ],
    "ManningN_cells_truth": [
        0.03,
        0.03,
        0.03,
        0.03,
        0.03,
        0.03,
        0.03,
        0.03,
        0.03,
        0.03,
        0.03,
        0.03,
        0.03,
        0.03,
        0.03,
        0.03,
        0.03,
        0.03,
        0.03,
        0.03
    ],
    "wse_truth": [
        0.3,
        0.3,
        0.3,
        0.3,
        0.3,
        0.3,
        0.55,
        0.501,
        0.501,
        0.251,
        0.001,
        0.001,
        0.001,
        0.001,
        0.001,
        0.001,
        0.001,
        0.001,
        0.001,
        0.001
    ],
    "inlet_discharges_truth": null,
    "ManningN_zone_values_truth": [
        0.03,
        0.03
    ],
    "v_truth": [
        -5.901517684822086e-17,
        -2.959611148299024e-17,
        -2.2956903916690316e-17,
        -4.579577777714927e-17,
        -2.4432283353499363e-17,
        -8.380155182830243e-17,
        -5.771684364924827e-17,
        0.0,
        0.0,
        0.0,
        0.0,
        0.0,
        0.0,
        0.0,
        0.0,
        0.0,
        0.0,
        0.0,
        0.0,
        0.0
    ],
    "zb_cell_truth": [
        0,
        0,
        0,
        0,
        0,
        0,
        0.25,
        0.5,
        0.5,
        0.25,
        0,
        0,
        0,
        0,
        0,
        0,
        0,
        0,
        0,
        0
    ],
    "friction_x_truth": [
        0,
        0,
        0,
        0,
        0,
        0,
        0,
        0,
        0,
        0,
        0,
        0,
        0,
        0,
        0,
        0,
        0,
        0,
        0,
        0
    ],
    "u_truth": [
        0,
        0,
        0,
        0,
        0,
        0,
        0,
        0,
        0,
        0,
        0,
        0,
        0,
        0,
        0,
        0,
        0,
        0,
        0,
        0
    ]
}
