{
    "ManningN_cell_truth": [
        0.03,
        0.03
    ],
    "wse_truth": [
        1.025024971683283,
        1.0250249716630466,
        1.025024971683268,
        1.0197336518389923,
        1.019733651843605,
        1.0197336518389317,
        1.0128881759739288,
        1.012888175984783,
        1.0128881759738704,
        1.0056817429124938,
        1.0056817429183256,
        1.0056817429124696
    ],
    "inlet_discharges_truth": [
        0.3
    ],
    "h_truth": [
        1.025024971683283,
        1.0250249716630466,
        1.025024971683268,
        1.0197336518389923,
        1.019733651843605,
        1.0197336518389317,
        1.0128881759739288,
        1.012888175984783,
        1.0128881759738704,
        1.0056817429124938,
        1.0056817429183256,
        1.0056817429124696
    ],
    "v_truth": [
        1.3054997410799782e-11,
        9.71344323231307e-14,
        -1.2957769642342529e-11,
        -5.696357649211956e-12,
        6.70919604948581e-14,
        5.741205919695051e-12,
        -8.981820006007182e-12,
        -4.9087679184715615e-14,
        8.888172178644598e-12,
        -4.3693390398541006e-12,
        5.184879233775902e-15,
        4.364177575372718e-12
    ],
    "u_truth": [
        0.07919318803019197,
        0.07919318840759151,
        0.07919318802983873,
        0.06474141378772393,
        0.06474141416813933,
        0.06474141378738053,
        0.04820495179153508,
        0.04820495208592493,
        0.048204951791364095,
        0.035677601629668744,
        0.03567760184788481,
        0.03567760162952587
    ],
    "zb_cell_truth": [
        0,
        0,
        0,
        0,
        0,
        0,
        0,
        0,
        0,
        0,
        0,
        0
    ]
}
