{
    "friction_x_truth": [
        1.9540848705802947e-6,
        1.9540848732646725e-6,
        1.9540848705465726e-6,
        4.110328880453691e-8,
        4.1103288863030534e-8,
        4.110328880333083e-8,
        4.135359114556917e-10,
        4.135359120533244e-10,
        4.135359114475957e-10,
        2.5815136747726914e-12,
        2.581513678081491e-12,
        2.581513674805165e-12
    ],
    "friction_y_truth": [
        8.752408954157642e-19,
        1.2070963426218649e-18,
        3.506603149063654e-19,
        -3.99709014932145e-19,
        -5.565559046634969e-20,
        2.783185455852708e-19,
        -4.643186315384156e-21,
        -1.979235116400693e-21,
        1.1443994515256912e-21,
        -2.870734880772645e-23,
        -4.0839430664834455e-23,
        7.169366473417585e-23
    ],
    "wse_truth": [
        1.004700232844836,
        1.0047002328447998,
        1.0047002328447985,
        1.0006877454177816,
        1.000687745417923,
        1.0006877454177725,
        1.0000690599287096,
        1.0000690599287323,
        1.0000690599287088,
        1.0000051367935308,
        1.0000051367935323,
        1.0000051367935308
    ],
    "inlet_discharges_truth": [
        0.3
    ],
    "ManningN_zone_values_truth": [
        0.03,
        0.03
    ],
    "h_truth": [
        1.004700232844836,
        1.0047002328447998,
        1.0047002328447985,
        1.0006877454177816,
        1.000687745417923,
        1.0006877454177725,
        1.0000690599287096,
        1.0000690599287323,
        1.0000690599287088,
        1.0000051367935308,
        1.0000051367935323,
        1.0000051367935308
    ],
    "v_truth": [
        6.668674952912709e-15,
        9.19716295528216e-15,
        2.6717669058481318e-15,
        -2.0984550083318697e-14,
        -2.9218943809037284e-15,
        1.4611603043348123e-14,
        -2.4300137755537736e-15,
        -1.0358336426222469e-15,
        5.98921999480599e-16,
        -1.9015178307761926e-16,
        -2.705122861685585e-16,
        4.748846114559229e-16
    ],
    "ManningN_cells_truth": [
        0.03,
        0.03,
        0.03,
        0.03,
        0.03,
        0.03,
        0.03,
        0.03,
        0.03,
        0.03,
        0.03,
        0.03
    ],
    "u_truth": [
        0.014888651684990468,
        0.014888651695216843,
        0.014888651684861906,
        0.002157904851493885,
        0.0021579048530293806,
        0.0021579048514622228,
        0.00021642421674831624,
        0.00021642421690470275,
        0.00021642421674619768,
        1.70994344195646e-5,
        1.709943443052303e-5,
        1.7099434419672154e-5
    ],
    "zb_cell_truth": [
        0,
        0,
        0,
        0,
        0,
        0,
        0,
        0,
        0,
        0,
        0,
        0
    ]
}
