{
    "wstill_truth": [
        0.5,
        0.5,
        0.5,
        0.5,
        0.5,
        0.5,
        0.5,
        0.5,
        0.5,
        0.5,
        0.5,
        0.5
    ],
    "friction_y_truth": [
        2.2810581017136205e-13,
        1.774959685849799e-18,
        -2.2810419115363753e-13,
        1.7241308968534853e-13,
        1.8090227076905853e-18,
        -1.7241143806343277e-13,
        1.1001969677732805e-13,
        1.036312771445638e-18,
        -1.1001863262946962e-13,
        4.567309167907768e-14,
        5.309153838876228e-19,
        -4.5672626984882184e-14
    ],
    "xi_truth": [
        0.500039415968298,
        0.5000394157143224,
        0.5000394159682976,
        0.500029925010826,
        0.5000299248240826,
        0.5000299250108255,
        0.5000201251856817,
        0.5000201250671122,
        0.5000201251856814,
        0.5000101004318368,
        0.5000101003834982,
        0.5000101004318367
    ],
    "h_truth": [
        1.0000394159682982,
        1.0000394157143224,
        1.0000394159682977,
        1.000029925010826,
        1.0000299248240827,
        1.0000299250108255,
        1.0000201251856817,
        1.0000201250671124,
        1.0000201251856815,
        1.0000101004318367,
        1.0000101003834982,
        1.0000101004318367
    ],
    "S0_cells_truth": [
        0,
        0,
        0,
        0,
        0,
        0,
        0,
        0,
        0,
        0,
        0,
        0,
        0,
        0,
        0,
        0,
        0,
        0,
        0,
        0,
        0,
        0,
        0,
        0
    ],
    "S0_faces_truth": [
        [
            [
                0,
                0
            ],
            [
                0,
                0
            ],
            [
                0,
                0
            ],
            [
                0,
                0
            ]
        ],
        [
            [
                0,
                0
            ],
            [
                0,
                0
            ],
            [
                0,
                0
            ],
            [
                0,
                0
            ]
        ],
        [
            [
                0,
                0
            ],
            [
                0,
                0
            ],
            [
                0,
                0
            ],
            [
                0,
                0
            ]
        ],
        [
            [
                0,
                0
            ],
            [
                0,
                0
            ],
            [
                0,
                0
            ],
            [
                0,
                0
            ]
        ],
        [
            [
                0,
                0
            ],
            [
                0,
                0
            ],
            [
                0,
                0
            ],
            [
                0,
                0
            ]
        ],
        [
            [
                0,
                0
            ],
            [
                0,
                0
            ],
            [
                0,
                0
            ],
            [
                0,
                0
            ]
        ],
        [
            [
                0,
                0
            ],
            [
                0,
                0
            ],
            [
                0,
                0
            ],
            [
                0,
                0
            ]
        ],
        [
            [
                0,
                0
            ],
            [
                0,
                0
            ],
            [
                0,
                0
            ],
            [
                0,
                0
            ]
        ],
        [
            [
                0,
                0
            ],
            [
                0,
                0
            ],
            [
                0,
                0
            ],
            [
                0,
                0
            ]
        ],
        [
            [
                0,
                0
            ],
            [
                0,
                0
            ],
            [
                0,
                0
            ],
            [
                0,
                0
            ]
        ],
        [
            [
                0,
                0
            ],
            [
                0,
                0
            ],
            [
                0,
                0
            ],
            [
                0,
                0
            ]
        ],
        [
            [
                0,
                0
            ],
            [
                0,
                0
            ],
            [
                0,
                0
            ],
            [
                0,
                0
            ]
        ]
    ],
    "ManningN_cells_truth": [
        0.03,
        0.03,
        0.03,
        0.03,
        0.03,
        0.03,
        0.03,
        0.03,
        0.03,
        0.03,
        0.03,
        0.03
    ],
    "wse_truth": [
        1.0000394159682982,
        1.0000394157143224,
        1.0000394159682977,
        1.000029925010826,
        1.0000299248240827,
        1.0000299250108255,
        1.0000201251856817,
        1.0000201250671124,
        1.0000201251856815,
        1.0000101004318367,
        1.0000101003834982,
        1.0000101004318367
    ],
    "inlet_discharges_truth": [
        0.3
    ],
    "ManningN_zone_values_truth": [
        0.03,
        0.03
    ],
    "v_truth": [
        2.587898459738771e-10,
        2.0137213261701206e-15,
        -2.5878800917207443e-10,
        1.9560316677934769e-10,
        2.0523416125671504e-15,
        -1.9560129300994e-10,
        1.2481609026297268e-10,
        1.1756849603871517e-15,
        -1.248148829997549e-10,
        5.1814943810454475e-11,
        6.023097724586518e-16,
        -5.1814416627039704e-11
    ],
    "zb_cell_truth": [
        0,
        0,
        0,
        0,
        0,
        0,
        0,
        0,
        0,
        0,
        0,
        0
    ],
    "friction_x_truth": [
        8.802724435129543e-5,
        8.802724784910954e-5,
        8.802724435074595e-5,
        8.802908936551021e-5,
        8.802909527466418e-5,
        8.80290893649667e-5,
        8.803103829492939e-5,
        8.80310458784367e-5,
        8.80310382943909e-5,
        8.803297822069246e-5,
        8.803298671579254e-5,
        8.803297822015723e-5
    ],
    "u_truth": [
        0.0998683768294325,
        0.09986837880937374,
        0.09986837682912081,
        0.0998692656109812,
        0.09986926895985244,
        0.09986926561067287,
        0.09987020818646145,
        0.09987021248619102,
        0.099870208186156,
        0.09987114189735657,
        0.09987114671528856,
        0.09987114189705297
    ],
    "hstill_truth": [
        0.5,
        0.5,
        0.5,
        0.5,
        0.5,
        0.5,
        0.5,
        0.5,
        0.5,
        0.5,
        0.5,
        0.5
    ]
}
