{
    "ManningN_cell_truth": [
        0.03,
        0.03
    ],
    "wse_truth": [
        1.004700232844836,
        1.0047002328447998,
        1.0047002328447985,
        1.0006877454177816,
        1.000687745417923,
        1.0006877454177725,
        1.0000690599287096,
        1.0000690599287323,
        1.0000690599287088,
        1.0000051367935308,
        1.0000051367935323,
        1.0000051367935308
    ],
    "inlet_discharges_truth": [
        0.3
    ],
    "h_truth": [
        1.004700232844836,
        1.0047002328447998,
        1.0047002328447985,
        1.0006877454177816,
        1.000687745417923,
        1.0006877454177725,
        1.0000690599287096,
        1.0000690599287323,
        1.0000690599287088,
        1.0000051367935308,
        1.0000051367935323,
        1.0000051367935308
    ],
    "v_truth": [
        6.874184780824993e-15,
        9.402672783194565e-15,
        2.6717669058481318e-15,
        -2.098455008331902e-14,
        -2.9218943809037284e-15,
        1.4611603043348123e-14,
        -2.4300137755537736e-15,
        -1.0358336426222469e-15,
        5.98921999480599e-16,
        -1.9015178307761926e-16,
        -2.705122861685585e-16,
        4.748846114559229e-16
    ],
    "u_truth": [
        0.014888651684990468,
        0.014888651695216843,
        0.014888651684861906,
        0.0021579048514942987,
        0.0021579048530293806,
        0.0021579048514622228,
        0.00021642421674831624,
        0.00021642421690470275,
        0.00021642421674619768,
        1.70994344195646e-5,
        1.709943443052303e-5,
        1.7099434419672154e-5
    ],
    "zb_cell_truth": [
        0,
        0,
        0,
        0,
        0,
        0,
        0,
        0,
        0,
        0,
        0,
        0
    ]
}
