{
    "friction_y_truth": [
        8.891990185462646e-15,
        6.8856510960109e-17,
        -8.82344019753459e-15,
        -3.4113620578627233e-15,
        3.915291754582756e-17,
        3.4376094142343927e-15,
        -3.881101833770503e-15,
        -2.0674799791770868e-17,
        3.840891826450315e-15,
        -1.3779030170017202e-15,
        1.6625882818549276e-18,
        1.3761963102853716e-15
    ],
    "h_truth": [
        1.0251338011466584,
        1.0251338011266187,
        1.0251338011466435,
        1.019875480286174,
        1.019875480291137,
        1.0198754802861136,
        1.0130011276934987,
        1.0130011277046893,
        1.0130011276934392,
        1.0057228651269634,
        1.0057228651329486,
        1.0057228651269388
    ],
    "S0_cells_truth": [
        0,
        0,
        0,
        0,
        0,
        0,
        0,
        0,
        0,
        0,
        0,
        0,
        0,
        0,
        0,
        0,
        0,
        0,
        0,
        0,
        0,
        0,
        0,
        0
    ],
    "S0_faces_truth": [
        [
            [
                0,
                0
            ],
            [
                0,
                0
            ],
            [
                0,
                0
            ],
            [
                0,
                0
            ]
        ],
        [
            [
                0,
                0
            ],
            [
                0,
                0
            ],
            [
                0,
                0
            ],
            [
                0,
                0
            ]
        ],
        [
            [
                0,
                0
            ],
            [
                0,
                0
            ],
            [
                0,
                0
            ],
            [
                0,
                0
            ]
        ],
        [
            [
                0,
                0
            ],
            [
                0,
                0
            ],
            [
                0,
                0
            ],
            [
                0,
                0
            ]
        ],
        [
            [
                0,
                0
            ],
            [
                0,
                0
            ],
            [
                0,
                0
            ],
            [
                0,
                0
            ]
        ],
        [
            [
                0,
                0
            ],
            [
                0,
                0
            ],
            [
                0,
                0
            ],
            [
                0,
                0
            ]
        ],
        [
            [
                0,
                0
            ],
            [
                0,
                0
            ],
            [
                0,
                0
            ],
            [
                0,
                0
            ]
        ],
        [
            [
                0,
                0
            ],
            [
                0,
                0
            ],
            [
                0,
                0
            ],
            [
                0,
                0
            ]
        ],
        [
            [
                0,
                0
            ],
            [
                0,
                0
            ],
            [
                0,
                0
            ],
            [
                0,
                0
            ]
        ],
        [
            [
                0,
                0
            ],
            [
                0,
                0
            ],
            [
                0,
                0
            ],
            [
                0,
                0
            ]
        ],
        [
            [
                0,
                0
            ],
            [
                0,
                0
            ],
            [
                0,
                0
            ],
            [
                0,
                0
            ]
        ],
        [
            [
                0,
                0
            ],
            [
                0,
                0
            ],
            [
                0,
                0
            ],
            [
                0,
                0
            ]
        ]
    ],
    "ManningN_cells_truth": [
        0.03,
        0.03,
        0.03,
        0.03,
        0.03,
        0.03,
        0.03,
        0.03,
        0.03,
        0.03,
        0.03,
        0.03
    ],
    "wse_truth": [
        1.0251338011466584,
        1.0251338011266187,
        1.0251338011466435,
        1.019875480286174,
        1.019875480291137,
        1.0198754802861136,
        1.0130011276934987,
        1.0130011277046893,
        1.0130011276934392,
        1.0057228651269634,
        1.0057228651329486,
        1.0057228651269388
    ],
    "inlet_discharges_truth": [
        0.3
    ],
    "ManningN_zone_values_truth": [
        0.03,
        0.03
    ],
    "v_truth": [
        1.280725792278509e-11,
        9.9174996028806e-14,
        -1.2708524415754195e-11,
        -5.997817402531599e-12,
        6.883820739762278e-14,
        6.043965201638074e-12,
        -9.177135078442962e-12,
        -4.88870010101488e-14,
        9.082055720992098e-12,
        -4.428113666679671e-12,
        5.342995666653571e-15,
        4.422628889291394e-12
    ],
    "zb_cell_truth": [
        0,
        0,
        0,
        0,
        0,
        0,
        0,
        0,
        0,
        0,
        0,
        0
    ],
    "friction_x_truth": [
        5.506920228980012e-5,
        5.506920281371122e-5,
        5.5069202289309236e-5,
        3.689338951930488e-5,
        3.689338994942945e-5,
        3.6893389518913144e-5,
        2.0351532776307703e-5,
        2.035153302111672e-5,
        2.0351532776161495e-5,
        1.0991532339491419e-5,
        1.099153247099781e-5,
        1.0991532339401913e-5
    ],
    "u_truth": [
        0.07931694284599593,
        0.07931694322303601,
        0.07931694284564222,
        0.06486553169788706,
        0.06486553207605963,
        0.06486553169754204,
        0.048122613974312715,
        0.048122614263835205,
        0.04812261397413939,
        0.03532306263191291,
        0.03532306284325642,
        0.035323062631768945
    ]
}
