{
    "ManningN_values_truth": [
        0.03,
        0.03
    ],
    "wse_truth": [
        0.4435794297718982,
        0.44311179371092557,
        0.4436848299035806,
        0.4449854209892588,
        0.4464838750949401,
        0.4350638101873698,
        0.4436834387295103,
        0.4670860576860417,
        0.43476098431676496,
        0.39597629215539165,
        0.39526601167679154,
        0.4077133008711105,
        0.3990524053890804,
        0.3883101184977302,
        0.37614523489413615,
        0.36367095044684633,
        0.352268206925386,
        0.34309081363534366,
        0.3366676269052002,
        0.3326903152899197
    ],
    "inlet_discharges_truth": [
        0.18
    ],
    "h_truth": [
        0.4435794297718982,
        0.44311179371092557,
        0.4436848299035806,
        0.4449854209892588,
        0.4464838750949401,
        0.4350638101873698,
        0.38274593872875357,
        0.3061485576852849,
        0.2738234843174678,
        0.33503879215609444,
        0.39526601167679154,
        0.4077133008711105,
        0.3990524053890804,
        0.3883101184977302,
        0.37614523489413615,
        0.36367095044684633,
        0.352268206925386,
        0.34309081363534366,
        0.3366676269052002,
        0.3326903152899197
    ],
    "zb_cells_truth": [
        0,
        0,
        0,
        0,
        0,
        0,
        0.06093750000075679,
        0.1609375000007568,
        0.16093749999929718,
        0.06093749999929718,
        0,
        0,
        0,
        0,
        0,
        0,
        0,
        0,
        0,
        0
    ],
    "v_truth": [
        9.257647262591136e-14,
        3.239050257830303e-13,
        -5.551518781973547e-13,
        8.489663691752102e-13,
        -1.820010309074008e-12,
        2.8964261925221364e-12,
        3.630351364493037e-14,
        -3.031015477426757e-12,
        -7.177116489605298e-12,
        -2.209373344440739e-12,
        1.0080294178871668e-12,
        -3.1511984181976044e-13,
        -2.169358691061875e-12,
        -2.4111737512977194e-12,
        -2.407448648958949e-12,
        -1.9551391375856152e-12,
        -1.3580760298005907e-12,
        -7.651211383713135e-13,
        -3.212460418989343e-13,
        -7.141039305129427e-14
    ],
    "u_truth": [
        0.41192159308141807,
        0.42217056979502987,
        0.4286191111186956,
        0.4316463899707348,
        0.4323965352874782,
        0.37308588628937955,
        0.29863333332192893,
        0.47817433704509765,
        0.8420557337230729,
        0.7770199104747912,
        0.5473858769061575,
        0.4378486262271327,
        0.41615335734021414,
        0.3896294755730334,
        0.3599756459771056,
        0.33084850224164086,
        0.3065461820208933,
        0.28987483332800157,
        0.28100809997848963,
        0.27826007154141963
    ]
}
