{
    "ManningN_values_truth": [
        0.03,
        0.03
    ],
    "eta_truth": [
        0.9996348658029874,
        0.999634900690569,
        0.9996348658029871,
        0.9996418611674038,
        0.9996417910288252,
        0.9996418611674017,
        0.9997523735777433,
        0.9997524650766678,
        0.9997523735777473,
        0.9999486292346556,
        0.9999485373746956,
        0.9999486292346599
    ],
    "inlet_discharges_truth": [
        0.3
    ],
    "h_truth": [
        0.9996348658029874,
        0.999634900690569,
        0.9996348658029871,
        0.9996418611674038,
        0.9996417910288252,
        0.9996418611674017,
        0.9997523735777433,
        0.9997524650766678,
        0.9997523735777473,
        0.9999486292346556,
        0.9999485373746956,
        0.9999486292346599
    ],
    "zb_cells_truth": [
        0,
        0,
        0,
        0,
        0,
        0,
        0,
        0,
        0,
        0,
        0,
        0
    ],
    "v_truth": [
        2.9709858510125868e-8,
        8.1800392428193e-15,
        -2.9709905512606223e-8,
        -7.36209158670245e-8,
        1.0992911776770037e-13,
        7.362065220008626e-8,
        9.826886446904153e-8,
        2.742618224183075e-14,
        -9.826889906804615e-8,
        -9.176107931009079e-8,
        -5.559016180304176e-13,
        9.1762195868696e-8
    ],
    "u_truth": [
        0.10358132907693797,
        0.10358123698139761,
        0.10358132907662577,
        0.10705676876915046,
        0.10705682748776216,
        0.10705676876883945,
        0.10981380295589079,
        0.1098138059184905,
        0.10981380295555752,
        0.1115833835040972,
        0.11158331405287107,
        0.11158338350378383
    ]
}
