{
    "ManningN_cell_truth": [
        0.03,
        0.03
    ],
    "wse_truth": [
        1.0083179058550997,
        1.0083179058487104,
        1.0083179058551004,
        1.0064937488095496,
        1.0064937488112242,
        1.006493748809534,
        1.0042023227301526,
        1.004202322733709,
        1.0042023227301369,
        1.001840483181214,
        1.0018404831830803,
        1.0018404831812084
    ],
    "inlet_discharges_truth": [
        0.3
    ],
    "h_truth": [
        1.0083179058550997,
        1.0083179058487104,
        1.0083179058551004,
        1.0064937488095496,
        1.0064937488112242,
        1.006493748809534,
        1.0042023227301526,
        1.004202322733709,
        1.0042023227301369,
        1.001840483181214,
        1.0018404831830803,
        1.0018404831812084
    ],
    "v_truth": [
        4.1443157428377054e-12,
        1.6103416263773244e-14,
        -4.12923267732207e-12,
        -2.007863409593696e-12,
        8.513255905720719e-15,
        2.0099744730859387e-12,
        -2.9306005667325584e-12,
        -2.3527360945124826e-14,
        2.8917394423626766e-12,
        -1.3917636960159745e-12,
        -5.5120254803085434e-17,
        1.3884218550521953e-12
    ],
    "u_truth": [
        0.026377733888148194,
        0.026377734014087335,
        0.026377733888101662,
        0.021327516232121774,
        0.021327516357044884,
        0.021327516232050744,
        0.01571108218148337,
        0.015711082276909708,
        0.01571108218145668,
        0.011543460954883405,
        0.011543461025098184,
        0.011543460954858241
    ],
    "zb_cell_truth": [
        0,
        0,
        0,
        0,
        0,
        0,
        0,
        0,
        0,
        0,
        0,
        0
    ]
}
