{
    "ManningN_values_truth": [
        0.03,
        0.03
    ],
    "eta_truth": [
        0.3949031523037306,
        0.39406189985451123,
        0.39321468735503395,
        0.39236150869362263,
        0.3915034966249722,
        0.3783728932587883,
        0.38570080241178006,
        0.4036614053310371,
        0.3398874054554232,
        0.3149601042279335,
        0.3237918886758697,
        0.34318041817415246,
        0.34181087802616805,
        0.3404142120607046,
        0.3389961272482335,
        0.3375558504111121,
        0.33609257780919227,
        0.33460547418442493,
        0.3330936687073791,
        0.3315562488463917
    ],
    "inlet_discharges_truth": [
        0.18
    ],
    "h_truth": [
        0.3949031523037306,
        0.39406189985451123,
        0.39321468735503395,
        0.39236150869362263,
        0.3915034966249722,
        0.3783728932587883,
        0.32476330241102325,
        0.2427239053302803,
        0.17894990545612596,
        0.2540226042286364,
        0.3237918886758697,
        0.34318041817415246,
        0.34181087802616805,
        0.3404142120607046,
        0.3389961272482335,
        0.3375558504111121,
        0.33609257780919227,
        0.33460547418442493,
        0.3330936687073791,
        0.3315562488463917
    ],
    "zb_cells_truth": [
        0,
        0,
        0,
        0,
        0,
        0,
        0.06093750000075679,
        0.1609375000007568,
        0.16093749999929718,
        0.06093749999929718,
        0,
        0,
        0,
        0,
        0,
        0,
        0,
        0,
        0,
        0
    ],
    "v_truth": [
        -1.522807631004022e-14,
        -4.2680640833569584e-14,
        3.752663745338134e-12,
        -9.300127073410838e-11,
        1.6058752704934129e-9,
        -4.594776002594419e-9,
        4.045413107439133e-9,
        -2.1709962691426225e-9,
        3.012183233082787e-9,
        -1.6552989201513945e-8,
        5.8994107023581433e-8,
        -1.2348702678795112e-7,
        2.0568195224330954e-7,
        -3.339774350432946e-7,
        5.287802462381769e-7,
        -8.164097856190845e-7,
        1.2291851511074496e-6,
        -1.8045335936745504e-6,
        2.5824155670932857e-6,
        -3.643725346788304e-6
    ],
    "u_truth": [
        0.45258305703784146,
        0.4535294754608384,
        0.45448652167201675,
        0.45545400323528845,
        0.4564388126958681,
        0.3954361111065097,
        0.32287685179401876,
        0.5506971036093922,
        1.132734612936,
        0.921936465046898,
        0.6298801084774349,
        0.5194144713553893,
        0.5213911707202039,
        0.5234534424620377,
        0.5255691640386229,
        0.5277407711412869,
        0.5299707729129507,
        0.532261752347724,
        0.5346163787656092,
        0.5370374165640642
    ]
}
