{
    "ManningN_cell_truth": [
        0.03,
        0.03
    ],
    "wse_truth": [
        1.0250249716925355,
        1.0250249716722997,
        1.0250249716925204,
        1.0197336518441023,
        1.019733651848715,
        1.0197336518440412,
        1.0128881759762527,
        1.012888175987107,
        1.0128881759761938,
        1.0056817429131384,
        1.0056817429189706,
        1.0056817429131146
    ],
    "inlet_discharges_truth": [
        0.3
    ],
    "h_truth": [
        1.0250249716925355,
        1.0250249716722997,
        1.0250249716925204,
        1.0197336518441023,
        1.019733651848715,
        1.0197336518440412,
        1.0128881759762527,
        1.012888175987107,
        1.0128881759761938,
        1.0056817429131384,
        1.0056817429189706,
        1.0056817429131146
    ],
    "v_truth": [
        1.3056633744024442e-11,
        9.66547163990418e-14,
        -1.295801330784253e-11,
        -5.695838870173671e-12,
        6.569028962091941e-14,
        5.740616997444519e-12,
        -8.98222860792066e-12,
        -4.864152867670783e-14,
        8.887766767602201e-12,
        -4.369139667675948e-12,
        4.2135501389760735e-15,
        4.364330917549202e-12
    ],
    "u_truth": [
        0.07919318799937287,
        0.07919318837677357,
        0.07919318799902096,
        0.06474141374486839,
        0.06474141412528114,
        0.06474141374452329,
        0.04820495174014557,
        0.04820495203453621,
        0.048204951739974695,
        0.035677601573017546,
        0.035677601791234984,
        0.03567760157287671
    ],
    "zb_cell_truth": [
        0,
        0,
        0,
        0,
        0,
        0,
        0,
        0,
        0,
        0,
        0,
        0
    ]
}
