{
    "ManningN_values_truth": [
        0.03,
        0.03
    ],
    "eta_truth": [
        1.0000006282534815,
        0.999998754567045,
        1.0000006179588325,
        0.9999984876339675,
        1.0000029976162765,
        0.999998512757814,
        1.0000015048926698,
        0.9999970177293508,
        1.0000014794883825,
        0.9999993800150231,
        1.0000012284891178,
        0.9999993905980391
    ],
    "inlet_discharges_truth": [
    ],
    "h_truth": [
        1.0000006282534815,
        0.999998754567045,
        1.0000006179588325,
        0.9999984876339675,
        1.0000029976162765,
        0.999998512757814,
        1.0000015048926698,
        0.9999970177293508,
        1.0000014794883825,
        0.9999993800150231,
        1.0000012284891178,
        0.9999993905980391
    ],
    "zb_cells_truth": [
        0,
        0,
        0,
        0,
        0,
        0,
        0,
        0,
        0,
        0,
        0,
        0
    ],
    "v_truth": [
        -1.8910257455594162e-8,
        -1.47789049932634e-8,
        3.456681684329474e-8,
        -1.9521357531249566e-7,
        -2.534044745194031e-8,
        2.830420414248373e-7,
        6.611867587360552e-7,
        -2.066652586761402e-8,
        -6.618490611525895e-7,
        -3.0976902625304094e-7,
        -6.376195738231187e-8,
        4.561955464618811e-7
    ],
    "u_truth": [
        8.295187428681246e-7,
        -1.6275403129929996e-6,
        7.004163534403836e-7,
        -4.837937917645817e-7,
        9.545275713092323e-7,
        -3.776574178258422e-7,
        -2.8627046256793296e-7,
        5.665973587082316e-7,
        -3.654267916667211e-7,
        1.0260816362307685e-6,
        -2.0379522222071795e-6,
        1.089996497772373e-6
    ]
}
