{
    "ManningN_values_truth": [
        0.03,
        0.03
    ],
    "wse_truth": [
        0.8703922818285135,
        0.8703922817249762,
        0.8703922818285983,
        0.9173979008075963,
        0.9173979009081887,
        0.9173979008078861,
        0.9805865746758751,
        0.9805865749507996,
        0.9805865746759563,
        0.9860987878495701,
        0.9860987880039057,
        0.9860987878493263
    ],
    "inlet_discharges_truth": [
        0.3
    ],
    "h_truth": [
        0.8703922818285135,
        0.8703922817249762,
        0.8703922818285983,
        0.9173979008075963,
        0.9173979009081887,
        0.9173979008078861,
        0.9805865746758751,
        0.9805865749507996,
        0.9805865746759563,
        0.9860987878495701,
        0.9860987880039057,
        0.9860987878493263
    ],
    "zb_cells_truth": [
        0,
        0,
        0,
        0,
        0,
        0,
        0,
        0,
        0,
        0,
        0,
        0
    ],
    "v_truth": [
        1.0810610520672106e-10,
        -4.0379164832788063e-13,
        -1.0847996848709923e-10,
        -5.416665915513821e-11,
        2.110110772000273e-13,
        5.483920828451921e-11,
        -2.5313771867203095e-10,
        -1.3813653102403763e-12,
        2.517855740335147e-10,
        -1.5791784731251772e-10,
        -8.311641514255767e-13,
        1.5697496264577092e-10
    ],
    "u_truth": [
        0.16822394680649091,
        0.16822394833632204,
        0.16822394680598698,
        0.10627982312238887,
        0.10627982459374466,
        0.10627982312093184,
        -0.10582846891025337,
        -0.105828469195916,
        -0.10582846891372427,
        -0.3616235187894568,
        -0.361623521172777,
        -0.3616235187926028
    ]
}
