{
    "ManningN_values_truth": [
        0.03,
        0.03
    ],
    "eta_truth": [
        0.42872470077909836,
        0.4285968967288893,
        0.4284689579373784,
        0.428340886944474,
        0.4282126834308953,
        0.4280843470761226,
        0.42795587755845355,
        0.4278272745550009,
        0.42769853774168476,
        0.4275696667932289,
        0.42744066138315107,
        0.42731152118376226,
        0.4271822458661538,
        0.42705283510019904,
        0.42692328855453593,
        0.42679360589657495,
        0.42666378679246947,
        0.42653383090714486,
        0.42640373790423325,
        0.42627350744615566,
        0.4261431391939805,
        0.4260126328076054,
        0.42588198794549714,
        0.42575120426499574,
        0.4256202814219481,
        0.4254892190710794,
        0.4253580168656166,
        0.42522667445760526,
        0.4250951914976236,
        0.4249635676339331,
        0.42483187673873435,
        0.41985495281702456,
        0.4218778466015043,
        0.4271964353060352,
        0.42298261417687316,
        0.4174154730227699,
        0.41025835417970097,
        0.4011649506701537,
        0.3897955340671009,
        0.3759593876469921,
        0.3607098694810724,
        0.3217893284391974,
        0.29961400380888226,
        0.2718589171621432,
        0.23896834733845101,
        0.3233027885681549,
        0.3314541155413247,
        0.33209050245007343,
        0.33707985073886443,
        0.3449421895569108,
        0.3446638596386814,
        0.3443847538785718,
        0.3441054329985773,
        0.34382592430263026,
        0.3435463124108286,
        0.34326647512683334,
        0.342986689331509,
        0.34270623312838516,
        0.3424264108362341,
        0.3421444101654306,
        0.34186517566996216,
        0.341579828190161,
        0.3413027853397459,
        0.34101159681967114,
        0.34073882473485334,
        0.340440083277418,
        0.3401718300092941,
        0.3398671986553081,
        0.33959961042728704,
        0.33929459115037774,
        0.33902155842985443,
        0.338721311727496,
        0.3384395578484763,
        0.3381447800872601,
        0.33785555578299314,
        0.3375636785737403,
        0.337269640116474,
        0.33697842978391834,
        0.3366809285935399,
        0.33638980798051116,
        0.3360888529991099,
        0.33579826102778615,
        0.3354932956095245,
        0.33520404903778417,
        0.334894288605028,
        0.3346073711178691,
        0.33429183229183707,
        0.3340083443869953,
        0.33368581265494607,
        0.3334069892123232,
        0.33307595583960137,
        0.33280328705636536,
        0.33246178871611093,
        0.33219731787191253,
        0.3318425065255832,
        0.3315895354373875,
        0.3312164297609714,
        0.3309816846925423,
        0.33057858392056655,
        0.3303820363932716
    ],
    "inlet_discharges_truth": [
        0.18
    ],
    "h_truth": [
        0.42872470077909836,
        0.4285968967288893,
        0.4284689579373784,
        0.428340886944474,
        0.4282126834308953,
        0.4280843470761226,
        0.42795587755845355,
        0.4278272745550009,
        0.42769853774168476,
        0.4275696667932289,
        0.42744066138315107,
        0.42731152118376226,
        0.4271822458661538,
        0.42705283510019904,
        0.42692328855453593,
        0.42679360589657495,
        0.42666378679246947,
        0.42653383090714486,
        0.42640373790423325,
        0.42627350744615566,
        0.4261431391939805,
        0.4260126328076054,
        0.42588198794549714,
        0.42575120426499574,
        0.4256202814219481,
        0.4254892190710794,
        0.4253580168656166,
        0.42522667445760526,
        0.4250951914976236,
        0.4249635676339331,
        0.42483187673873435,
        0.4198549528141824,
        0.3984403465977222,
        0.36000893530423844,
        0.3182951141752595,
        0.28147797302137484,
        0.24932085417857974,
        0.22147745066935381,
        0.1976080340666281,
        0.1775218876468362,
        0.16227236948122314,
        0.1296018284396445,
        0.11992650380961549,
        0.11092141716315258,
        0.1030308473397263,
        0.21861528856968576,
        0.26426661554310077,
        0.30865300244885796,
        0.33707985073670094,
        0.3449421895569108,
        0.3446638596386814,
        0.3443847538785718,
        0.3441054329985773,
        0.34382592430263026,
        0.3435463124108286,
        0.34326647512683334,
        0.342986689331509,
        0.34270623312838516,
        0.3424264108362341,
        0.3421444101654306,
        0.34186517566996216,
        0.341579828190161,
        0.3413027853397459,
        0.34101159681967114,
        0.34073882473485334,
        0.340440083277418,
        0.3401718300092941,
        0.3398671986553081,
        0.33959961042728704,
        0.33929459115037774,
        0.33902155842985443,
        0.338721311727496,
        0.3384395578484763,
        0.3381447800872601,
        0.33785555578299314,
        0.3375636785737403,
        0.337269640116474,
        0.33697842978391834,
        0.3366809285935399,
        0.33638980798051116,
        0.3360888529991099,
        0.33579826102778615,
        0.3354932956095245,
        0.33520404903778417,
        0.334894288605028,
        0.3346073711178691,
        0.33429183229183707,
        0.3340083443869953,
        0.33368581265494607,
        0.3334069892123232,
        0.33307595583960137,
        0.33280328705636536,
        0.33246178871611093,
        0.33219731787191253,
        0.3318425065255832,
        0.3315895354373875,
        0.3312164297609714,
        0.3309816846925423,
        0.33057858392056655,
        0.3303820363932716
    ],
    "zb_cells_truth": [
        0,
        0,
        0,
        0,
        0,
        0,
        0,
        0,
        0,
        0,
        0,
        0,
        0,
        0,
        0,
        0,
        0,
        0,
        0,
        0,
        0,
        0,
        0,
        0,
        0,
        0,
        0,
        0,
        0,
        0,
        0,
        2.8421709430404007e-12,
        0.023437500003782065,
        0.06718750000179674,
        0.10468750000161364,
        0.13593750000139504,
        0.16093750000112123,
        0.17968750000079986,
        0.19218750000047274,
        0.19843750000015586,
        0.19843749999984928,
        0.1921874999995529,
        0.17968749999926675,
        0.16093749999899065,
        0.1359374999987247,
        0.10468749999846917,
        0.06718749999822395,
        0.023437500001215465,
        2.1635124247687543e-12,
        0,
        0,
        0,
        0,
        0,
        0,
        0,
        0,
        0,
        0,
        0,
        0,
        0,
        0,
        0,
        0,
        0,
        0,
        0,
        0,
        0,
        0,
        0,
        0,
        0,
        0,
        0,
        0,
        0,
        0,
        0,
        0,
        0,
        0,
        0,
        0,
        0,
        0,
        0,
        0,
        0,
        0,
        0,
        0,
        0,
        0,
        0,
        0,
        0,
        0,
        0
    ],