{
    "ManningN_values_truth": [
        0.03,
        0.03
    ],
    "inlet_discharges_truth": [
        0.18
    ],
    "zb_cells_truth": [
        0,
        0,
        0,
        0,
        0,
        0,
        0.06093750000075679,
        0.1609375000007568,
        0.16093749999929718,
        0.06093749999929718,
        0,
        0,
        0,
        0,
        0,
        0,
        0,
        0,
        0,
        0
    ]
}
