{
    "ManningN_values_truth": [
        0.03,
        0.03
    ],
    "wse_truth": [
        0.8728536692943463,
        0.872853669189407,
        0.8728536692944239,
        0.9188529698341381,
        0.9188529699349871,
        0.9188529698344182,
        0.9813415336368294,
        0.9813415339124525,
        0.9813415336369071,
        0.9863855482912606,
        0.9863855484460158,
        0.986385548291015
    ],
    "inlet_discharges_truth": [
        0.3
    ],
    "h_truth": [
        0.8728536692943463,
        0.872853669189407,
        0.8728536692944239,
        0.9188529698341381,
        0.9188529699349871,
        0.9188529698344182,
        0.9813415336368294,
        0.9813415339124525,
        0.9813415336369071,
        0.9863855482912606,
        0.9863855484460158,
        0.986385548291015
    ],
    "zb_cells_truth": [
        0,
        0,
        0,
        0,
        0,
        0,
        0,
        0,
        0,
        0,
        0,
        0
    ],
    "v_truth": [
        1.0859133466938554e-10,
        -3.887718012013638e-13,
        -1.08949052560174e-10,
        -5.4186531836986654e-11,
        2.153232217689241e-13,
        5.4857444724706696e-11,
        -2.5343393562162926e-10,
        -1.3839471042202112e-12,
        2.5207684896656935e-10,
        -1.5816432049560447e-10,
        -8.312888508225112e-13,
        1.5722048078012512e-10
    ],
    "u_truth": [
        0.1764522022411245,
        0.1764522037946151,
        0.1764522022405727,
        0.11133892709841094,
        0.11133892858990473,
        0.11133892709691522,
        -0.1030112116629969,
        -0.10301121193443534,
        -0.10301121166648008,
        -0.3600059923797261,
        -0.36000599475366757,
        -0.36000599238288206
    ]
}
