{
    "wse_truth": [
        0.4003337665675977,
        0.4182822717129244,
        0.4161523188228386,
        0.4140801939643197,
        0.4121544089101174,
        0.39814769806845474,
        0.40479962536553116,
        0.4237076966383759,
        0.37512224004242317,
        0.3180058061197074,
        0.31185880450020176,
        0.3269023338833933,
        0.3229252079448066,
        0.3191651389869896,
        0.31590886968597054,
        0.31357649647492325,
        0.3127309408908774,
        0.3139666971610843,
        0.3175672994828186,
        0.3232256047782776
    ],
    "inlet_discharges_truth": [
        0.18
    ],
    "ManningN_zone_values_truth": [
        0.03,
        0.03
    ],
    "h_truth": [
        0.4003337665675977,
        0.4182822717129244,
        0.4161523188228386,
        0.4140801939643197,
        0.4121544089101174,
        0.39814769806845474,
        0.34386212536477434,
        0.2627701966376191,
        0.214184740043126,
        0.2570683061204102,
        0.31185880450020176,
        0.3269023338833933,
        0.3229252079448066,
        0.3191651389869896,
        0.31590886968597054,
        0.31357649647492325,
        0.3127309408908774,
        0.3139666971610843,
        0.3175672994828186,
        0.3232256047782776
    ],
    "v_truth": [
        9.03240182175428e-9,
        -1.2460589120794333e-7,
        7.899560427412065e-5,
        -0.17798808353305942,
        -0.015759765077554142,
        -0.001447915548038632,
        -6.969153826763868e-5,
        -0.0038497617073513187,
        0.21137593511317143,
        0.029036283922921,
        0.0033571122501956812,
        0.00032888468804784644,
        2.8932177082729868e-5,
        2.521969973637342e-6,
        1.5443241791211244e-7,
        2.0966296531655285e-5,
        -0.07730034093841757,
        -0.006873872135368762,
        -0.2034993587480746,
        -0.01687448584247272
    ],
    "u_truth": [
        0.568908874081658,
        0.47994706136458537,
        0.48591904520388207,
        0.4869711094349668,
        0.4821486605380136,
        0.4105351101758551,
        0.32061342441667,
        0.48762919648986564,
        0.8596362892770558,
        0.8054644769076664,
        0.5654535613675155,
        0.44494415323091985,
        0.4333565853962846,
        0.425721281270472,
        0.4215929209524811,
        0.41985280145099513,
        0.41848124878132387,
        0.4153171662898742,
        0.4083528002150178,
        0.39969141468128533
    ],
    "zb_cell_truth": [
        0,
        0,
        0,
        0,
        0,
        0,
        0.06093750000075679,
        0.1609375000007568,
        0.16093749999929718,
        0.06093749999929718,
        0,
        0,
        0,
        0,
        0,
        0,
        0,
        0,
        0,
        0
    ]
}
