{
    "ManningN_cell_truth": [
        0.03,
        0.03
    ],
    "wse_truth": [
        0.4003337665675979,
        0.41828227171292437,
        0.41615231882283876,
        0.4140801939643197,
        0.41215440891011734,
        0.3981476980684547,
        0.40479962536553116,
        0.42370769663837576,
        0.37512224004242334,
        0.3180058061197073,
        0.3118588045002017,
        0.3269023338833931,
        0.3229252079448068,
        0.31916513898698984,
        0.3159088696859705,
        0.31357649647492325,
        0.3127309408908776,
        0.3139666971610843,
        0.31756729948281864,
        0.3232256047782778
    ],
    "inlet_discharges_truth": [
        0.18
    ],
    "h_truth": [
        0.4003337665675979,
        0.41828227171292437,
        0.41615231882283876,
        0.4140801939643197,
        0.41215440891011734,
        0.3981476980684547,
        0.3438621253647744,
        0.26277019663761897,
        0.21418474004312615,
        0.25706830612041015,
        0.3118588045002017,
        0.3269023338833931,
        0.3229252079448068,
        0.31916513898698984,
        0.3159088696859705,
        0.31357649647492325,
        0.3127309408908776,
        0.3139666971610843,
        0.31756729948281864,
        0.3232256047782778
    ],
    "v_truth": [
        9.032401817169904e-9,
        -1.2460588891136895e-7,
        7.899560427137195e-5,
        -0.1779880835330544,
        -0.01575976507755687,
        -0.001447915548036218,
        -6.969153826833054e-5,
        -0.00384976170735053,
        0.21137593511317104,
        0.029036283922921114,
        0.00335711225019693,
        0.0003288846880475953,
        2.893217708211477e-5,
        2.5219699737929384e-6,
        1.544324180809374e-7,
        2.0966296531789756e-5,
        -0.07730034093841773,
        -0.006873872135368924,
        -0.20349935874807548,
        -0.016874485842473332
    ],
    "u_truth": [
        0.5689088740816591,
        0.47994706136458576,
        0.4859190452038825,
        0.4869711094349668,
        0.4821486605380127,
        0.41053511017585537,
        0.32061342441667046,
        0.4876291964898654,
        0.859636289277055,
        0.8054644769076658,
        0.5654535613675143,
        0.4449441532309221,
        0.4333565853962854,
        0.4257212812704707,
        0.42159292095248163,
        0.41985280145099513,
        0.41848124878132337,
        0.4153171662898743,
        0.4083528002150172,
        0.39969141468128566
    ],
    "zb_cell_truth": [
        0,
        0,
        0,
        0,
        0,
        0,
        0.06093750000075679,
        0.1609375000007568,
        0.16093749999929718,
        0.06093749999929718,
        0,
        0,
        0,
        0,
        0,
        0,
        0,
        0,
        0,
        0
    ]
}
