{
    "wstill_truth": [
        0.2,
        0.2,
        0.2,
        0.2,
        0.2,
        0.2,
        0.2,
        0.2,
        0.2,
        0.2,
        0.2,
        0.2,
        0.2,
        0.2,
        0.2,
        0.2,
        0.2,
        0.2,
        0.2,
        0.2
    ],
    "friction_y_truth": [
        -1.3994227669754297e-18,
        2.60683487376682e-16,
        -6.881990296195825e-14,
        1.863383474820585e-12,
        -3.10050397139278e-11,
        3.028650248567262e-10,
        -5.018600441183135e-10,
        7.893243946157441e-10,
        -1.1071453627393627e-9,
        8.559266525127564e-10,
        -1.0314894350142815e-9,
        1.5050499107937345e-9,
        -2.1656361939033112e-9,
        3.0592440932682875e-9,
        -4.243798519819463e-9,
        5.78255976205109e-9,
        -7.741494886428233e-9,
        1.0185444377247864e-8,
        -1.3172467153999605e-8,
        1.6934693626040182e-8
    ],
    "xi_truth": [
        0.2111145604621297,
        0.21038636955063375,
        0.20965377015177783,
        0.20891677774005302,
        0.20817538088450835,
        0.2066344012195538,
        0.20090037950376513,
        0.1842242174930114,
        0.15089564173361933,
        0.13943867136309204,
        0.14286184128369078,
        0.14374289482399513,
        0.1423440307831871,
        0.1409180023694163,
        0.1394635946555463,
        0.13797857284946888,
        0.13646032475330439,
        0.1349057662678205,
        0.13331121780059238,
        0.13167223746738654
    ],
    "h_truth": [
        0.4111145604621297,
        0.4103863695506338,
        0.40965377015177784,
        0.40891677774005303,
        0.40817538088450833,
        0.4066344012195538,
        0.33996287950300835,
        0.22328671749225462,
        0.18995814173432216,
        0.2785011713637949,
        0.3428618412836908,
        0.3437428948239951,
        0.3423440307831871,
        0.3409180023694163,
        0.3394635946555463,
        0.33797857284946886,
        0.3364603247533044,
        0.33490576626782054,
        0.33331121780059236,
        0.33167223746738655
    ],
    "S0_cells_truth": [
        0,
        0,
        0,
        0,
        0,
        -0.02437500000027935,
        -0.06437500000016419,
        -0.03999999999941116,
        0.04000000000061647,
        0.06437499999977166,
        0.024374999999738772,
        0,
        0,
        0,
        0,
        0,
        0,
        0,
        0,
        0,
        0,
        0,
        0,
        0,
        0,
        2.138760835126516e-12,
        6.143869302160007e-12,
        4.005136222612278e-12,
        -4.2627568142052535e-12,
        -6.91035673122801e-12,
        -2.647585484155049e-12,
        0,
        0,
        0,
        0,
        0,
        0,
        0,
        0,
        0
    ],
    "S0_faces_truth": [
        [
            [
                0,
                0
            ],
            [
                0,
                0
            ],
            [
                0,
                0
            ],
            [
                0,
                0
            ]
        ],
        [
            [
                0,
                0
            ],
            [
                0,
                0
            ],
            [
                0,
                0
            ],
            [
                0,
                0
            ]
        ],
        [
            [
                0,
                0
            ],
            [
                0,
                0
            ],
            [
                0,
                0
            ],
            [
                0,
                0
            ]
        ],
        [
            [
                0,
                0
            ],
            [
                0,
                0
            ],
            [
                0,
                0
            ],
            [
                0,
                0
            ]
        ],
        [
            [
                0,
                0
            ],
            [
                0,
                0
            ],
            [
                0,
                0
            ],
            [
                0,
                0
            ]
        ],
        [
            [
                0,
                0
            ],
            [
                -0.048750000000529745,
                4.2775216702504916e-12
            ],
            [
                0,
                0
            ],
            [
                0,
                0
            ]
        ],
        [
            [
                0,
                0
            ],
            [
                -0.07999999999990882,
                8.010232477308785e-12
            ],
            [
                0,
                0
            ],
            [
                -0.048750000000529745,
                4.2775216702504916e-12
            ]
        ],
        [
            [
                0,
                0
            ],
            [
                1.167688168380153e-12,
                -1.2205811520319205e-22
            ],
            [
                0,
                0
            ],
            [
                -0.07999999999990882,
                8.010232477308785e-12
            ]
        ],
        [
            [
                0,
                0
            ],
            [
                0.08000000000006514,
                -8.525518069298081e-12
            ],
            [
                0,
                0
            ],
            [
                1.167688168380153e-12,
                -1.2205811520319205e-22
            ]
        ],
        [
            [
                0,
                0
            ],
            [
                0.048749999999478065,
                -5.295170968310155e-12
            ],
            [
                0,
                0
            ],
            [
                0.08000000000006514,
                -8.525518069298081e-12
            ]
        ],
        [
            [
                0,
                0
            ],
            [
                0,
                0
            ],
            [
                0,
                0
            ],
            [
                0.048749999999478065,
                -5.295170968310155e-12
            ]
        ],
        [
            [
                0,
                0
            ],
            [
                0,
                0
            ],
            [
                0,
                0
            ],
            [
                0,
                0
            ]
        ],
        [
            [
                0,
                0
            ],
            [
                0,
                0
            ],
            [
                0,
                0
            ],
            [
                0,
                0
            ]
        ],
        [
            [
                0,
                0
            ],
            [
                0,
                0
            ],
            [
                0,
                0
            ],
            [
                0,
                0
            ]
        ],
        [
            [
                0,
                0
            ],
            [
                0,
                0
            ],
            [
                0,
                0
            ],
            [
                0,
                0
            ]
        ],
        [
            [
                0,
                0
            ],
            [
                0,
                0
            ],
            [
                0,
                0
            ],
            [
                0,
                0
            ]
        ],
        [
            [
                0,
                0
            ],
            [
                0,
                0
            ],
            [
                0,
