{
    "friction_x_truth": [
        0.0023102684318385097,
        0.0024249679802806423,
        0.0025134661922480315,
        0.00254636961591129,
        0.0025079339571928267,
        0.0018014812991113223,
        0.0010894481617958298,
        0.002909966706823169,
        0.01019589308450425,
        0.008298406805378737,
        0.0037023057118125142,
        0.0022065555029015128,
        0.0020932440069768273,
        0.0020321559043397306,
        0.002012115524705141,
        0.002021671039239859,
        0.0020388133873842323,
        0.002028713842435217,
        0.001976074360730832,
        0.001880823914220314
    ],
    "friction_y_truth": [
        5.351224280740143e-14,
        -1.5173256404491195e-13,
        5.712703577141149e-14,
        -4.63236761729613e-15,
        9.757803973940138e-14,
        -7.241991460012626e-14,
        2.0161093824301423e-14,
        -3.17961620202289e-14,
        -1.5827813133748522e-13,
        -1.4254079676707643e-13,
        1.7127496589239378e-13,
        -2.0691271173202124e-13,
        2.58275387711918e-13,
        -3.4213525045946327e-13,
        4.2666025667092403e-13,
        -5.187228635595706e-13,
        5.524428929655029e-13,
        -5.355064748363444e-13,
        4.665829152254614e-13,
        -3.7131224119754226e-13
    ],
    "wse_truth": [
        0.4103723565807689,
        0.4082900149405072,
        0.40608301139776587,
        0.4039941620710504,
        0.4021349395309443,
        0.38810102075809233,
        0.39485478136614394,
        0.41477755300025876,
        0.3686721684020694,
        0.31310021650889086,
        0.30638497226807815,
        0.32097943560397485,
        0.31705768404374146,
        0.3135448010821028,
        0.3106540956551587,
        0.30884495701204784,
        0.30871484257192733,
        0.3107542301316709,
        0.3153969571084156,
        0.3221528919017002
    ],
    "inlet_discharges_truth": [
        0.18
    ],
    "ManningN_zone_values_truth": [
        0.03,
        0.03
    ],
    "h_truth": [
        0.4103723565807689,
        0.4082900149405072,
        0.40608301139776587,
        0.4039941620710504,
        0.4021349395309443,
        0.38810102075809233,
        0.3339172813653871,
        0.25384005299950196,
        0.20773466840277224,
        0.2521627165095937,
        0.30638497226807815,
        0.32097943560397485,
        0.31705768404374146,
        0.3135448010821028,
        0.3106540956551587,
        0.30884495701204784,
        0.30871484257192733,
        0.3107542301316709,
        0.3153969571084156,
        0.3221528919017002
    ],
    "v_truth": [
        1.021400006396626e-11,
        -2.8244344108377354e-11,
        1.0435626915154725e-11,
        -8.400059940347786e-13,
        1.7815591704099906e-11,
        -1.5508799034869115e-11,
        5.414539542615949e-12,
        -4.9915446208449645e-12,
        -1.2838196430769327e-11,
        -1.323628802255571e-11,
        2.4596873226777134e-11,
        -3.879003643874333e-11,
        4.961051278346344e-11,
        -6.657535426234348e-11,
        8.330661533390324e-11,
        -1.009441463567083e-10,
        1.0704568012715759e-10,
        -1.0413612499770682e-10,
        9.216110686921579e-11,
        -7.544314396738117e-11
    ],
    "ManningN_cells_truth": [
        0.03,
        0.03,
        0.03,
        0.03,
        0.03,
        0.03,
        0.03,
        0.03,
        0.03,
        0.03,
        0.03,
        0.03,
        0.03,
        0.03,
        0.03,
        0.03,
        0.03,
        0.03,
        0.03,
        0.03
    ],
    "u_truth": [
        0.4409660420234524,
        0.45139703871721415,
        0.4591450456332147,
        0.4617435223420406,
        0.4578932669842654,
        0.3857890690324527,
        0.29258631516130906,
        0.45682333147755666,
        0.8270054561541796,
        0.7705871237959844,
        0.5316897525902204,
        0.4136641371387201,
        0.4020782215720207,
        0.3954327976028302,
        0.3928712163909622,
        0.39341982319757657,
        0.3950565180291449,
        0.3945095124106119,
        0.39032119350711564,
        0.38214541185117207
    ],
    "zb_cell_truth": [
        0,
        0,
        0,
        0,
        0,
        0,
        0.06093750000075679,
        0.1609375000007568,
        0.16093749999929718,
        0.06093749999929718,
        0,
        0,
        0,
        0,
        0,
        0,
        0,
        0,
        0,
        0
    ]
}
