{
    "S0_truth": [
        0,
        0,
        0,
        0,
        0,
        -0.02437500000027935,
        -0.06437500000016419,
        -0.03999999999941116,
        0.04000000000061647,
        0.06437499999977166,
        0.024374999999738772,
        0,
        0,
        0,
        0,
        0,
        0,
        0,
        0,
        0,
        0,
        0,
        0,
        0,
        0,
        2.138760835126516e-12,
        6.143869302160007e-12,
        4.005136222612278e-12,
        -4.2627568142052535e-12,
        -6.91035673122801e-12,
        -2.647585484155049e-12,
        0,
        0,
        0,
        0,
        0,
        0,
        0,
        0,
        0
    ],
    "friction_y_truth": [
        -5.779733721884499e-21,
        -2.5217089851841726e-19,
        -4.64470362901996e-18,
        -4.845555030687377e-17,
        -2.5370188829560336e-16,
        1.2508563811494362e-16,
        5.825658709865263e-15,
        3.141207623855133e-15,
        -3.420013568956436e-15,
        -6.072958624028818e-15,
        -7.870567487519527e-17,
        3.880514880715168e-16,
        9.58721422624714e-17,
        1.233017381925272e-17,
        8.835406366089242e-19,
        4.156744757529071e-20,
        1.577046505656463e-21,
        4.9693948158872463e-23,
        -3.7958903895681106e-25,
        -4.714416723875612e-25
    ],
    "h_truth": [
        0.3299413687484952,
        0.32978688774883197,
        0.32922622628432135,
        0.32767545551013005,
        0.3245170688775144,
        0.3091025189624183,
        0.26171542741396153,
        0.20616004645379052,
        0.20616004645994468,
        0.2617154274791886,
        0.3091025195537183,
        0.3245170738253877,
        0.3276754938079896,
        0.32922649634711604,
        0.3297886068698543,
        0.3299511373475166,
        0.3299902313755705,
        0.32999828080738114,
        0.32999972935731653,
        0.329999956769485
    ],
    "ManningN_cells_truth": [
        0.03,
        0.03,
        0.03,
        0.03,
        0.03,
        0.03,
        0.03,
        0.03,
        0.03,
        0.03,
        0.03,
        0.03,
        0.03,
        0.03,
        0.03,
        0.03,
        0.03,
        0.03,
        0.03,
        0.03
    ],
    "wse_truth": [
        0.3299413687484952,
        0.32978688774883197,
        0.32922622628432135,
        0.32767545551013005,
        0.3245170688775144,
        0.3091025189624183,
        0.3226529274147183,
        0.3670975464545473,
        0.36709754645924186,
        0.32265292747848573,
        0.3091025195537183,
        0.3245170738253877,
        0.3276754938079896,
        0.32922649634711604,
        0.3297886068698543,
        0.3299511373475166,
        0.3299902313755705,
        0.32999828080738114,
        0.32999972935731653,
        0.329999956769485
    ],
    "inlet_discharges_truth": null,
    "ManningN_zone_values_truth": [
        0.03,
        0.03
    ],
    "v_truth": [
        -2.13116140041484e-15,
        -1.733961294788069e-14,
        -8.662097106888127e-14,
        -3.0044919306098524e-13,
        -6.622467533901166e-13,
        7.472734674909633e-13,
        3.878816983072017e-12,
        3.241846156034613e-12,
        -3.529584534889652e-12,
        -4.043473248214047e-12,
        -4.701952945447663e-13,
        1.0129432157979612e-12,
        5.944465033496161e-13,
        2.298700820756918e-13,
        6.025921836728462e-14,
        1.2262727403596814e-14,
        2.3269706746353955e-15,
        4.166548409351286e-16,
        -2.029370481601104e-17,
        -1.9776628232879757e-16
    ],
    "zb_cell_truth": [
        0,
        0,
        0,
        0,
        0,
        0,
        0.06093750000075679,
        0.1609375000007568,
        0.16093749999929718,
        0.06093749999929718,
        0,
        0,
        0,
        0,
        0,
        0,
        0,
        0,
        0,
        0
    ],
    "friction_x_truth": [
        5.762201892799797e-10,
        1.6567197337076982e-8,
        2.2509313817055462e-7,
        2.0330866292200343e-6,
        1.1434595223932689e-5,
        -2.148058078684614e-6,
        -0.00016363461354469865,
        -6.292148535296091e-5,
        6.29214852635882e-5,
        0.00016363461219407548,
        2.1480569199811593e-6,
        -1.1434615886606127e-5,
        -2.0331538093747654e-6,
        -2.2525059739495087e-7,
        -1.68401026043642e-8,
        -9.0020689855159e-10,
        -3.5986026863114266e-11,
        -1.1144985220080967e-12,
        -2.7398744761219813e-14,
        -4.3210086371262466e-16
    ],
    "u_truth": [
        0.00021246968885148347,
        0.0011391829554634114,
        0.004197853677348488,
        0.012606176863202104,
        0.02984811667840782,
        -0.012832702722878469,
        -0.10895054956803042,
        -0.06493737436341197,
        0.06493737431761547,
        0.1089505491229055,
        0.012832699265854036,
        -0.029848143722254254,
        -0.012606385381959712,
        -0.00419932225366747,
        -0.001148528294135522,
        -0.0002655681897181842,
        -5.309826242077207e-5,
        -9.344421637120645e-6,
        -1.4648000375392478e-6,
        -1.8126310509364064e-7
    ]
}
