{
    "ManningN_cell_truth": [
        0.03,
        0.03
    ],
    "wse_truth": [
        0.3925130722548811,
        0.4099785603485125,
        0.4070639368965639,
        0.4041698227963792,
        0.40146189945179755,
        0.387012684811848,
        0.3929159744145133,
        0.40815718954757674,
        0.34301792014716753,
        0.3129767058376727,
        0.31809023194893143,
        0.33429554845125425,
        0.33024322802373696,
        0.3263325279152792,
        0.3227826398018472,
        0.31993251551636376,
        0.318281914463165,
        0.3184032507581877,
        0.320641298351819,
        0.32480283676190336
    ],
    "inlet_discharges_truth": [
        0.18
    ],
    "h_truth": [
        0.3925130722548811,
        0.4099785603485125,
        0.4070639368965639,
        0.4041698227963792,
        0.40146189945179755,
        0.387012684811848,
        0.33197847441375655,
        0.24721968954681992,
        0.18208042014787035,
        0.2520392058383755,
        0.31809023194893143,
        0.33429554845125425,
        0.33024322802373696,
        0.3263325279152792,
        0.3227826398018472,
        0.31993251551636376,
        0.318281914463165,
        0.3184032507581877,
        0.320641298351819,
        0.32480283676190336
    ],
    "v_truth": [
        1.15451985013353e-8,
        -2.5211095201474744e-7,
        0.00014354966355634442,
        -0.1790093502384465,
        -0.017008800027614148,
        -0.001702327138944808,
        -0.00010179421013397,
        -0.00413995246948205,
        0.22191501248889725,
        0.0354075031821456,
        0.004434943200772677,
        0.00046580246567107063,
        4.450839023746465e-5,
        4.488306654804406e-6,
        9.383217762908503e-8,
        4.322135554377138e-5,
        -0.07591410041308175,
        -0.007507219644786658,
        -0.20026382741052476,
        -0.01918764850140638
    ],
    "u_truth": [
        0.5816400959593179,
        0.4971390517867024,
        0.5098033968731503,
        0.5175337739773977,
        0.5190499888417818,
        0.45326525140107304,
        0.3739933924950803,
        0.5887597230017606,
        1.1358422991097838,
        0.9206897790264852,
        0.6143489535805887,
        0.4895286516764425,
        0.4797219214970581,
        0.4746558574923585,
        0.4739731497388717,
        0.4764781445460186,
        0.47986018183198204,
        0.4813194965616933,
        0.47830504533796575,
        0.4720434205102366
    ],
    "zb_cell_truth": [
        0,
        0,
        0,
        0,
        0,
        0,
        0.06093750000075679,
        0.1609375000007568,
        0.16093749999929718,
        0.06093749999929718,
        0,
        0,
        0,
        0,
        0,
        0,
        0,
        0,
        0,
        0
    ]
}
