{
    "friction_x_truth": [
        0.0024404657271555287,
        0.00262883244049858,
        0.0027977184572234694,
        0.0029113744158872734,
        0.002945074750622569,
        0.0022346657782030574,
        0.001532095847188789,
        0.004390913098742282,
        0.018451859795130084,
        0.010930485943095392,
        0.004404829796312042,
        0.002685109618774245,
        0.002583024147043702,
        0.0025437369178933447,
        0.002561056974276012,
        0.002621087560505449,
        0.0026923900643483563,
        0.002734690762565553,
        0.002710796837992268,
        0.0026273695901313926
    ],
    "friction_y_truth": [
        -1.6219473575729362e-14,
        2.420582478182652e-14,
        -5.240159945009732e-14,
        2.961763964770501e-14,
        3.147619776582298e-14,
        -3.3982238320238506e-14,
        1.4784076650251903e-14,
        -4.655422695850961e-14,
        -2.773038380397622e-13,
        -7.369794469870102e-14,
        1.328500668297812e-13,
        -1.6414944865680376e-13,
        2.1930533150215004e-13,
        -2.83392019233863e-13,
        3.247050400379365e-13,
        -3.5444866888236744e-13,
        3.4528179873132335e-13,
        -2.9783152415874886e-13,
        2.483847648316824e-13,
        -1.7577963220252796e-13
    ],
    "wse_truth": [
        0.40311080201776595,
        0.40037106928987415,
        0.39740491672270856,
        0.3945226934839879,
        0.3918961954351602,
        0.3774439384302892,
        0.3835065328585281,
        0.39996765726492783,
        0.3393932065880813,
        0.30819821987509266,
        0.31196294085969345,
        0.3278183848251703,
        0.3238601844287291,
        0.3201924347687694,
        0.3170391127267689,
        0.3147720195597462,
        0.3138701248608629,
        0.3149231912348318,
        0.318212816396561,
        0.323673535452876
    ],
    "inlet_discharges_truth": [
        0.18
    ],
    "ManningN_zone_values_truth": [
        0.03,
        0.03
    ],
    "h_truth": [
        0.40311080201776595,
        0.40037106928987415,
        0.39740491672270856,
        0.3945226934839879,
        0.3918961954351602,
        0.3774439384302892,
        0.32256903285777133,
        0.23903015726417104,
        0.17845570658878412,
        0.24726071987579545,
        0.31196294085969345,
        0.3278183848251703,
        0.3238601844287291,
        0.3201924347687694,
        0.3170391127267689,
        0.3147720195597462,
        0.3138701248608629,
        0.3149231912348318,
        0.318212816396561,
        0.323673535452876
    ],
    "v_truth": [
        -3.0031847197968785e-12,
        4.313466757717944e-12,
        -9.040497283683062e-12,
        5.002928782923439e-12,
        5.2804814377770326e-12,
        -6.5037725242073656e-12,
        3.328888571010724e-12,
        -5.890263495229385e-12,
        -1.6301783551667934e-11,
        -5.943456262688445e-12,
        1.7543865420087254e-11,
        -2.799463938574676e-11,
        3.805591118716863e-11,
        -4.946115707089764e-11,
        5.638658489749516e-11,
        -6.077003876736231e-11,
        5.838132322243202e-11,
        -4.999519128841493e-11,
        4.195080718881142e-11,
        -3.024150546316295e-11
    ],
    "ManningN_cells_truth": [
        0.03,
        0.03,
        0.03,
        0.03,
        0.03,
        0.03,
        0.03,
        0.03,
        0.03,
        0.03,
        0.03,
        0.03,
        0.03,
        0.03,
        0.03,
        0.03,
        0.03,
        0.03,
        0.03,
        0.03
    ],
    "u_truth": [
        0.451874676866748,
        0.4684567225412062,
        0.48267164320290173,
        0.4917812167465542,
        0.4940689682161708,
        0.4276868919610799,
        0.34497767267141777,
        0.5555593299679656,
        1.0847243465227607,
        0.8815017216329967,
        0.5816913983483625,
        0.4579282848883899,
        0.4482304960891633,
        0.44396511794193033,
        0.4447398059804202,
        0.4493840904151609,
        0.4552377077654699,
        0.4590561330782818,
        0.45783852949159576,
        0.45201830734382453
    ],
    "zb_cell_truth": [
        0,
        0,
        0,
        0,
        0,
        0,
        0.06093750000075679,
        0.1609375000007568,
        0.16093749999929718,
        0.06093749999929718,
        0,
        0,
        0,
        0,
        0,
        0,
        0,
        0,
        0,
        0
    ]
}
