{
    "ManningN_cell_truth": [
        0.03,
        0.03
    ],
    "wse_truth": [
        0.40312870078756446,
        0.40039019244060225,
        0.39742155238629806,
        0.3945374160267209,
        0.3919059885068809,
        0.3774510987045056,
        0.3835101124798832,
        0.39997122783358263,
        0.3394259191265936,
        0.30820322324680577,
        0.3119638289187094,
        0.32780322064626866,
        0.32385806856097504,
        0.32018275268088653,
        0.3170328306711563,
        0.3147615865731679,
        0.3138669145325461,
        0.31490395168088736,
        0.31822809337444374,
        0.3236341947370008
    ],
    "inlet_discharges_truth": [
        0.18
    ],
    "h_truth": [
        0.40312870078756446,
        0.40039019244060225,
        0.39742155238629806,
        0.3945374160267209,
        0.3919059885068809,
        0.3774510987045056,
        0.3225726124791264,
        0.23903372783282584,
        0.17848841912729638,
        0.2472657232475086,
        0.3119638289187094,
        0.32780322064626866,
        0.32385806856097504,
        0.32018275268088653,
        0.3170328306711563,
        0.3147615865731679,
        0.3138669145325461,
        0.31490395168088736,
        0.31822809337444374,
        0.3236341947370008
    ],
    "v_truth": [
        -1.0033380533216168e-7,
        7.259803500805066e-5,
        -0.06880220670099627,
        -0.006248177079347075,
        0.06844367233670036,
        0.006623710227323087,
        0.0007336698339234733,
        0.00012733622642392754,
        -0.0012647943900541425,
        -0.0783879399678336,
        -0.009516966991356719,
        -0.0009630926399132019,
        -8.738543534359204e-5,
        -8.095349676687389e-6,
        -4.5975883668639627e-7,
        -2.1492715643919237e-7,
        9.73598373793078e-8,
        -6.634532540540544e-8,
        4.0698612614798776e-8,
        -2.3618439786021857e-8
    ],
    "u_truth": [
        0.4518541714717516,
        0.46843203117808246,
        0.4826266707589521,
        0.4917760423382109,
        0.49403504531178516,
        0.427694693059978,
        0.34496151053867014,
        0.5555074903352445,
        1.0845446550153253,
        0.881310044683993,
        0.581702352367324,
        0.4578494275850476,
        0.44822135593249013,
        0.4439079731231635,
        0.44469252010804305,
        0.44931306037080015,
        0.4551973593562645,
        0.4589486898756246,
        0.4578334018373451,
        0.45182245182868835
    ],
    "zb_cell_truth": [
        0,
        0,
        0,
        0,
        0,
        0,
        0.06093750000075679,
        0.1609375000007568,
        0.16093749999929718,
        0.06093749999929718,
        0,
        0,
        0,
        0,
        0,
        0,
        0,
        0,
        0,
        0
    ]
}
